SuperTopic,Category,Id,Url,Influence,Follower
人来人往语你同行,0,0,100808460a522c48bc8781e88f92649b57632f,20000,30000
澜墨lanmeoo,0,1,1008081843038def764d028b77a0dc1b36239b,225,200
沈括,0,2,1008083129cd49c2a562405a9bbe0abc7d0ac0,6547,20000
AKB48TeamSH,0,3,10080835720d812947b45c46e9902fab2c1768,10000,9540
姜之鱼,0,4,100808b9a6908cc1d1a91249f602ee1b72624c,2276,11000
如懿传,0,5,10080821e380312347158ada5a9f6a965f6789,67000,47000
不健全关系,0,6,10080826392517db2836d4701332bc670e1c09,20000,849000
车银优,0,7,100808a00f17a0ea89809c11926d861b3208af,156000,291000
hanser,0,8,100808bb3bdea1fba9b8b940c3cb788d3f0aae,27000,26000
杨紫林之校,0,9,1008081d2625e817ea950bd88b4f821fe39fe6,12000,36000
FF14,0,10,10080893149e78e40bed1d25d9621557326ea4,20000,36000
aeternity,0,11,1008087616269fc337fa6b778e2cbe63daf20,3735,5674
花花与三猫,0,12,100808e37a99650060a0c3cbaa5b97bdd861e2,7146,31000
西北民族大学,0,13,100808ae50ad71f8cbdf0833e83008f8c29c32,40000,37000
少女时代,0,14,10080859a6b19a0e84d23fd383808ae859ec23,158000,189000
中牌制服馆,0,15,1008082dc8bef99fe525eaae90cb77cd06f341,8545,89000
英国短毛猫,0,16,100808d2a4e7e5f904f76d96469076d41fafae,27000,34000
周杰伦,0,17,1008087a8941058aaf4df5147042ce104568da,2562000,6026000
炉石传说,0,18,10080881ba82b61fd26fdcf9fdac6ae7544411,63000,104000
币客bkex,0,19,100808b0b67d4a7b26b5c396a9e34ce42736fc,2895,16000
原神,1,20,100808fc439dedbb06ca5fd858848e521b8716,1140000,3440000
王者荣耀,1,21,100808ccb61d96c8f867d4f6c412e95c4f173a,3250000,4410000
XYG电子竞技俱乐部,1,22,100808ae218adaa2079bc0d17bea593a2f40a2,510000,290000
sky光遇,1,23,1008083829ec9f6d5c6b53889bd24dfb2eac1c,2420000,1630000
光与夜之恋,1,24,10080864eeb90c049c2e6f19f614bf63b6fe8e,520000,1270000
sky光遇黑市,1,25,10080823141baaf78c19385185aba92be5a437,2590000,1090000
哈利波特魔法觉醒,1,26,1008085e4724f4e5a15ff602f6f0a547331b68,870000,1250000
偶像梦幻祭,1,27,100808875a090e1c1afb167b6ce26f0794ea80,1050000,770000
光遇陪玩,1,28,100808157446cb3d9a51022efefad4775b8a9b,450000,130000
闪耀暖暖,1,29,1008080adacb5621aef3290d9fa38b7ced8ab0,2500000,2090000
第五人格,1,30,1008088fef4f8eac269bed1cd09eb50312ce52,1280000,1250000
EDG,1,31,1008085852145e5c27adc0617ec5a0a8b8b7e4,380000,2140000
时空中的绘旅人,1,32,100808c0d76460acd8c3aa1032c33003b48033,350000,2670000
未定事件簿,1,33,100808c7ce355fcf6334f03ebac7cad51ef135,400000,480000
和平精英,1,34,10080811d6e5c3b8641062e9ae6b7b26604ba5,740000,950000
AG超玩会,1,35,100808e42ac86fcd4c91f965e34411bd21f0b0,950000,1320000
阴阳师手游,1,36,1008089f43a6f58e2801c14726c9cc51cabd22,1310000,1630000
主播BLUE,1,37,100808060d555cd15ac4aad2c86507729d8664,350000,480000
齐司礼,1,38,10080867d1f6a5b046e124c7ed995e2555361d,60000,200000
恋与制作人,1,39,1008086a8d30da45d91717a596df498af918aa,950000,1010000
景向谁依,2,40,10080853ce193d0c2bb50c2e51b76cd250f6f7,160000,930000
cv倒霉死勒,2,41,10080873c77aba022d7cee9917099af810c5dc,100000,740000
同人cp日推,2,42,10080892414f10f9f3a0578d256ef036d10c71,60000,8680000
cv天空,2,43,1008082ba5e510c9302a0fe648e63550974085,140000,700000
cv羊仔,2,44,100808501c1804abcc9db2aecb50798047abb1,100000,1190000
天官赐福动画,2,45,100808b1ef718d9847a05354b64e7e3324317b,50000,890000
名侦探柯南,2,46,100808167de8f857d9ed4ff9d097dc0b425e66,200000,1180000
luxiem,2,47,1008080eafd6052ec1ea0f7c32c97962b4ad6e,10000,250000
排球少年,2,48,100808641b22edd028c2479388ecdabda9a09f,70000,500000
咒术回战,2,49,100808a66ef4735b70edf7a598d43d959414b0,50000,390000
五悠,2,50,1008080969ba401c4478d69af8cd3180e477f0,30000,130000
配音演员赵成晨,2,51,10080828520a8ccf4083ce85704e2e1fa53d30,30000,50000
Laser激光,2,52,100808700e87892a1d3caa3c765ac9d28cabb2,40000,100000
虎杖悠仁,2,53,100808df833a1f91a02f071d56400685d27333,7412,30000
时光代理人,2,54,100808ce76733bde92b354ebad04fa2b71045c,30000,4280000
天官赐福漫画,2,55,1008084883380a8a254f8719f05df7f7004a3e,60000,720000
鬼灭之刃,2,56,100808ffc1ffe8d82a125785f9bd0cfb10ebf7,60000,590000
voxakuma,2,57,1008082dd22adb78c5f6d1a83e9fd323425528,4367,70000
轩ZONE,2,58,1008087d22807340b0e4e402ba49d949a968ad,50000,180000
ASOUL,2,59,10080861838dd4bdf01b1414e70089ca10d776,100000,500000
电视剧余生请多指教,3,60,1008082fadc0b6b05461031f551653a1083f24,750000,1370000
韩剧语义错误,3,61,100808908f8833ebf66845c1af5a16ea94ccb7,40000,160000
电视剧与君初相识,3,62,100808b913464276ebaebc92145addf8c8fdf0,80000,170000
电视剧驭鲛记之与君初相识,3,63,100808696160187d0d58201a50d9a20f118c8d,90000,160000
日剧美丽的他,3,64,10080828b01673ec4544762f8ef1e11c1308d5,90000,580000
猎罪图鉴,3,65,1008086b198524bce1cc98cee2f149258c0fac,10000,70000
陈情令,3,66,100808dd1f8a8d457e846a51935f95dc10547a,490000,2480000
玉骨遥,3,67,10080894e2e08dbedd41d6828a1c2148a4aa76,470000,1220000
泰版流星花园,3,68,100808fadc2dae28a958363abc05140f5e5d31,7076,90000
王牌部队,3,69,1008082a28929db5bedb671ee527bbbab3d9b8,890000,340000
韩剧二十五二十一,3,70,1008089ef596663fcc9fdb7383879c1655f775,9455,70000
梦中的那片海,3,71,100808386fac0fea3a017ce5c8f2c6e3514bb2,100000,160000
斗罗大陆剧版,3,72,1008087a0bb42eef0679de947fd27b03509351,360000,600000
网剧一闪一闪亮星星,3,73,1008084d95f4608458dfa2440305be950df749,50000,290000
电视剧尚食官方,3,74,100808f9d721304cdabbc85aa1bc965ccd9b39,10000,80000
电视剧周生如故,3,75,100808b6f3bf774d58c82808e3b1c8a01b62a0,120000,260000
社内相亲,3,76,100808a22beba5e5aa26bb090de0615f7848ea,3506,10000
天府泰剧,3,77,100808f9c6fa463503c4ad33eb3cd4648ad7b4,50000,840000
致我的星星,3,78,1008086fd7e3e86af3867243fa0b96c212fe07,6892,10000
冰雨火,3,79,10080800ead00ddef6651c85f078da3ee4ef51,90000,810000
王牌对王牌,4,80,100808f9cfac98b36e0c15f7aac8718cefa1ad,40000,580000
巴啦啦能量cp,4,81,10080888923ec449ba2522e54abe828fc45c85,50000,350000
明星大侦探,4,82,100808433f1faf0a7d11bd52f21c500e49348e,130000,900000
名侦探学院,4,83,100808c53e4c15932fbfe7849accbe23455883,140000,620000
声入人心,4,84,1008089467b36d0dd195b04cf37d6933b3c556,540000,3400000
密室大逃脱,4,85,1008087c5da61134bfe4ba31fe67b0064cc21a,40000,14900000
文韬Stefan,4,86,100808d119290de081aff180b9021f7fdd8dbf,70000,260000
开始推理吧,4,87,100808c1a4726139f6ef34de5c051e24a25d14,9539,30000
天天向上,4,88,1008087a7fce64ecf1df09bdf52a46e5d7845a,60000,1090000
你好星期六,4,89,10080827d8abae2f87b1d75c002888abfe2f62,1984,180000
瑞历cp,4,90,100808863917e27d49220215c3f2e694c82bd2,6410,60000
偶像练习生,4,91,100808a81d75bf47d815d5c4190a1d9146da9f,40000,9070000
天赐的声音,4,92,1008084b48e38251f14ae217f091d864c6d108,5996,9769
奔跑吧,4,93,10080898be6daf51ddcae1b301f07ddcf6a500,40000,1030000
王勉,4,94,1008088d4f2d8cc54166193131b5821fdd4c50,20000,160000
王能能terrence,4,95,100808d252996433cf4a1a80f1790562de5b14,9891,70000
极限男人帮,4,96,1008082ce9109fa1f549192b098d6552653480,90000,170000
朱广权,4,97,1008083d92a0be59e2892591dc4a8acb67fe89,40000,6350000
那战队,4,98,100808753c52efe60198b1002f473f5f050e0a,50000,140000
这就是街舞4,4,99,100808327df1a45d3799bf496672591f47f13d,60000,670000
羽生结弦,5,100,10080885eb7f6b5025d657a6cfba56ca98d74e,420000,1420000
樊振东,5,101,1008080391332928de4da0860b025d281356e1,360000,600000
孙颖莎,5,102,100808a9fc59651c0baff67337f98b9717ad55,190000,650000
谷爱凌,5,103,1008088616ab8d92ea44d200b2b2df4eaa381f,30000,810000
马龙,5,104,100808b8d3e8f0809b0ff26368935017004c04,320000,890000
林孝埈,5,105,100808e378be8a31cda31e41cb5bb8907b75ed,10000,520000
冰墩墩,5,106,100808a5629abac4ca007464990430ea368f3b,80000,710000
AnnaShcherbakova,5,107,10080885da7ea7ffec794f3271c43846b862e1,10000,450000
王曼昱,5,108,10080882ffd0ea1053ef97bd1ab74777340a4a,60000,290000
王濛,5,109,100808fc054b7e6d686222b9a9dfa0c2c892ac,30000,430000
王楚钦,5,110,100808b10dadcd006e6e0226632b9191f2bb49,70000,350000
alexandratrusova,5,111,1008089177b70556de70fee87d4658488c5bc6,10000,410000
赵睿,5,112,10080883a6f2152660cc585d823e5837adce18,140000,470000
武大靖,5,113,1008088d4deb1f72aceaed80b6704066abdb05,20000,570000
Kamila_Valieva,5,114,10080899da3c6134710d70251689d2fe24285c,7616,250000
苏翊鸣,5,115,100808c2536af255b49d00c76431d753c4e892,10000,540000
林高远,5,116,100808cb943481ce0aa29b9c96601a72ed15d9,50000,330000
张继科,5,117,1008080be2fbe708a68bd4f8c945964558eee8,750000,770000
任子威,5,118,1008087856b9eadc93304aa36ee65f7583900d,10000,520000
金博洋,5,119,100808fcfed7f927baa91963eec290c430d125,40000,500000
健身,6,120,100808c24d6f13a44a53dcaff9093c7ce4f879,310000,4550000
减肥,6,121,10080851192f0f0b385a6f6cf50873453aac20,300000,540000
跑步,6,122,1008087b385d028431e67f05b066b9feaf66a9,130000,5400000
耿浩伦real,6,123,100808d7af6643039e77045b61622dee8871b0,7170,2850000
keep,6,124,10080818ccf61d533b600bbf5a963359223fe4,40000,1040000
瑜伽,6,125,1008085a78432c4d267f537e28295e638586e1,60000,170000
运动就是坚持,6,126,10080804c8a8072bf74ee060e2ed8536b4903d,40000,80000
大学生健美健身,6,127,1008082e706762727806e638dd8ae9ea8aab18,3436,7475
亚洲有型男,6,128,1008086fcc99da5675e6676ce08f77442bb709,840,2545
自律打卡孙叨叨,6,129,100808dfd34afabf16b0e83b6bca86d8fa13e6,2637,8832
减肥打卡,6,130,100808980bfd591f6a887238dca69d2218df89,70000,60000
卤水二妹姐,6,131,10080822f1e6b4d0e426d98830a701115a9b25,6922,20000
21天减肥法,6,132,100808d29da89b58bc0f307cc396b61cb91766,40000,100000
运动打卡,6,133,1008080f7b92fb313170b42c4a22334987f515,30000,20000
减脂,6,134,100808f1313ecdbac135022964434a1700dfc0,9545,20000
瘦腿,6,135,100808a57903be248dd697bc36b2f2ca1605f0,20000,1360000
跑步打卡,6,136,100808531ac2856dc30302cef4fca5d13ffb50,30000,10000
瘦身,6,137,100808c44ef451c82feeff4c9262d8fe2a46ed,40000,100000
帕梅拉Pamela,6,138,100808e8fcb4e2e9aefe57c6e5783494ed7adf,5120,8421
晒身材大赛,6,139,100808d5380159b0c10d65ed6d4f2d2432c659,10000,30000
郑州大学,7,140,1008087d745a2727eb784aa08de3827162e502,70000,80000
长治幼儿师范高等专科学校,7,141,10080858082168bd2ffaa9ece7022040d39f5a,703,2099
南阳科技职业学院,7,142,100808246ff9788e5f992aba765f48cd153947,488,1750
安徽农业大学,7,143,100808df08ca1e035d6cccf9f0bf80a9db697c,10000,10000
天津开学,7,144,100808e096e04ecd423bf034a464e7d432a1f2,10000,10000
烟台职业学院,7,145,10080832a1ee24273dc4fe409bb5a868225d02,4006,9115
河南财经政法大学,7,146,1008083b93c5599c41438f7886b55f523dd50d,30000,30000
山东第一医科大学,7,147,10080839d47992917ba9a8dfcb0897421b9521,40000,30000
河南师范大学,7,148,1008080ec453c1b4769cdc6d9c4eb6f617f0fa,70000,50000
聊城大学,7,149,10080825a6e7aa662138bb23b6eff5f2622b2e,50000,150000
太原理工大学,7,150,10080843196867765802cb119ca23324bc8602,20000,30000
安阳师范学院,7,151,100808f786190ae5a77332d16aacbfb2e19bc2,10000,30000
河北大学,7,152,100808d72114b5f49cbbe779dca7157a1b2086,30000,60000
淮阴师范学院,7,153,1008083eb7d9a919e8146b0908815d6ba7d7af,20000,20000
信阳师范学院,7,154,100808558975ebbcdca9c19fd1bc3c338136db,20000,30000
吉林大学,7,155,10080811019248276fc0013950f3b9c1dd1b0a,20000,40000
郑州工程技术学院,7,156,10080899048e1ae60b1ac80255d625bbe540b1,2663,3488
西北大学,7,157,100808d4956deaada66db3c03738316a143aff,10000,20000
清华大学,7,158,100808edb1d57ad7106de0708b485dc134ae3a,10000,120000
西北民族大学,7,159,100808ae50ad71f8cbdf0833e83008f8c29c32,30000,30000
188男团,8,160,1008085e7ffa409c6fd97c3aa34b5cd56bef5d,190000,1620000
魔道祖师,8,161,100808fb4cf9ace38f94427973c484e8719c12,270000,2430000
二手书,8,162,10080858915dd5d4eec110b51d524a08e8648a,110000,210000
病案本,8,163,100808c448dce5a6230966e5ba3cfce76d63d7,40000,240000
江忍,8,164,100808f7fea83e2280b4a73f56034aedb7bf75,50000,820000
某某,8,165,1008080008b20f03476909b27207b47af31b63,40000,520000
天官赐福,8,166,1008085ff1c128b6dde016706e80c246b99e02,200000,1930000
伪装学渣,8,167,100808010c94c68c8cb50f5e531902794e386e,80000,1640000
二哈和他的白猫师尊,8,168,1008088c0d0da8d17b79337827154cd9a3f437,110000,830000
顶级掠食者,8,169,100808a9f33191257361480469df7b0799e220,10000,80000
某某木苏里,8,170,100808d98796a675a6b45c9a56f1fd7aa8bbc7,70000,1110000
藤萝为枝,8,171,100808e0fcc20c4fc805d06bbe2fc464c767d1,20000,1450000
盗墓笔记,8,172,100808195736aaaeced2b530871d9f3cbb3536,280000,930000
撒野,8,173,1008089000a7a5f39e931bf641cc86d7f2bf19,200000,1850000
沈倦,8,174,100808f180098548175ae2656ef0f1c0d03bdf,50000,240000
原耽推文,8,175,100808df5d061077d8540b3068650bab7342bc,90000,750000
桑延,8,176,100808965f66c1c470b96c53e43280445d4625,40000,390000
墨香铜臭,8,177,1008088cf97757b5247a427a6b6ee5de1a7e5f,120000,1190000
推文,8,178,1008083b69dae286b6a1dc198f8c52cb991208,360000,1580000
金牌二手鸭,8,179,100808626d97d8db2a131b7715079d00b5e39f,40000,30000
studyaccount,9,180,100808a518bfa8e3872f9d0b2999bc774480ae,1310000,2410000
考研,9,181,10080845bb403e6f6aeb6192eb4e337d4aa9fe,340000,1180000
四川省考,9,182,1008088daddb4e093e6edb07a14d8e7e4b3ee3,20000,270000
会计专硕,9,183,100808b3c9eb29bcbfab0225595271c0617be2,110000,750000
法硕,9,184,10080810106887830ad434cb5782d8520f9e00,100000,340000
法考,9,185,1008088d370d7bf47400bc79661c11a10ce337,240000,650000
安徽教师考编,9,186,100808aa3d54b5e6566a3f22c96757c6f4d9c3,60000,250000
安徽专升本,9,187,10080826341bf330612acf70f7cdb46574f512,30000,60000
CPA打卡,9,188,1008080c8778e248a66a30ed076376035bb83f,430000,470000
易烊千玺让我成为更好的人,9,189,1008087c97c2c4316c1ef7162b5bcddf798cb9,330000,860000
河南省考,9,190,100808851f4207f0072810baf4d42a485a9d20,20000,130000
公务员,9,191,1008086211d15ac72680d16a5764fdb5a569f5,130000,1760000
霖丝陪考日记,9,192,100808d5a2acc9d91ca87ead72f7d04122f44d,40000,60000
2023考研,9,193,1008086d34702b2a4da1b2f8290a0ef9cb34c0,20000,90000
河北省考,9,194,100808de9af12068c072fb3e57e0f5b79e2818,20000,30000
初级会计,9,195,1008081fb89049e136b1928a4331859de3284b,120000,230000
教师资格证,9,196,10080814c50efc0f8a77ba4c0ecff15bda3846,170000,1020000
波特兰的留学生活,9,197,1008081295adfe85a895d58562485cc03140be,832,2634
四六级,9,198,100808b4830ca04f9083c99453e37a93077f36,110000,1590000
2022考研党,9,199,1008088d309bb8b688c42961fe684cef99de8a,80000,880000
棉花美娃娃,10,200,100808da80b66fe1ef587d20501424cbca9198,2210000,880000
百香果种植基地,10,201,100808bfda7d1c372365c71160da5a97e9e2b0,170000,260000
玲娜贝儿,10,202,100808fc595edf39ec06e8f8c2f147474ae8d6,30000,310000
虾圈有钱崽,10,203,10080806303064491bff607c53bb32f091eabd,90000,130000
棉花娃娃,10,204,100808d780de22a60515858705c463d989fbb7,30000,420000
POPMART泡泡玛特,10,205,100808aa23bdd339f55d4a177474889de0910a,220000,300000
Marsper,10,206,1008086acbf2a8a8af2838b159d9537ac45954,40000,250000
星卡里,10,207,100808b333ffc895cac9fbad3889261c35ff54,80000,160000
大嘴鱼幼稚园,10,208,100808fb16f45b55faa3163a58e07dcde96cd0,10000,30000
乐高,10,209,10080830d30ab092a60696924f37f59973a635,50000,380000
思歪,10,210,100808f5fdc0c34c20330a02a8c5f3d19b42cb,20000,7640
棉花娃衣秀场,10,211,10080873785c7f1a9fc43c56b6a91458a5e31b,5447,40000
制霸娃圈,10,212,1008087308d3ad75bee384483b99dc253429af,10000,10000
昕宝游乐园,10,213,1008087262f106db6e55dd7ac51d661b502989,10000,70000
棉花娃衣,10,214,100808c17241ea7b774d36581c7f11d3fe9017,5849,80000
丁崽幼稚园,10,215,1008089e6fe483a2ab5b8fbb9e5dc752ac6f0a,4459,90000
blythe,10,216,1008089622537551976859729f86d870fde25b,50000,370000
日山鹅鹅,10,217,100808d4f72483a587f51146cb0ee852d40b04,10000,10000
MTFU,10,218,1008088ba6114f979722b1bba66b2f8201d5ed,50000,350000
玉桂狗,10,219,100808ecc297147834abf82f269fc3564f750c,8064,140000
中国,11,220,100808c13dceabcb143acd6c9298265d618a9f,140000,480000
乌鲁木齐,11,221,1008081574573601416cb6ed27320eb3246fdb,120000,250000
伊犁,11,222,1008086a427d69742d5502dbad241d44a28633,60000,80000
北京,11,223,100808692e92669c0ca340eff4fdcef32896ee,240000,300000
郑州兼职,11,224,1008084878e73741ba85e7ae201e3c234ab704,10000,60000
成都租房,11,225,1008089a74723eaab542325b23c5d623584f6e,250000,130000
成都,11,226,10080814bf5c897776f11648134a65c8365b77,220000,430000
成都租房,11,227,1008089a74723eaab542325b23c5d623584f6e,250000,130000
上海,11,228,100808e94e8bd35fc8144f38fd1ebc1f81ab36,210000,390000
杭州租房,11,229,10080882b9c9ad3f652b72697beb0dfd7e8cb6,490000,140000
上海租房,11,230,1008086bbff11d003218382dcef82c96cb11d4,500000,170000
北京租房,11,231,100808453110d9ea6a7b6fd15e79788cf55186,380000,180000
成都找工作,11,232,100808a5ff5f4dbb07ead8177689ff5e674a89,30000,40000
成都招聘,11,233,100808d374e007ffd11e3a01e6e871c89c57b3,50000,60000
郑州兼职,11,234,1008084878e73741ba85e7ae201e3c234ab704,10000,60000
重庆,11,235,10080878b0d703c7cf1ebadbf8eb5798b03e96,110000,220000
日本,11,236,1008084dbed2e657457884e67137d3514119b3,70000,120000
上海兼职群,11,237,100808cfbff7cb5701baf10e3240b71e070346,2476,10000
宁波兼职,11,238,1008082037bea1250b2ab0c2f32151e1caf02e,10000,40000
广州,11,239,1008087e040aa9cb2ec494b0a4d52c147e682c,130000,300000
电影人生大事,12,240,1008083a4092723830767a9e4b3b2cb0b49b75,30000,60000
无名,12,241,100808b77cb2f39fe49f0d3a106069eeecda4f,20000,60000
长空之王,12,242,1008088584407fac4e6057bdc6d2949294f17e,6862,40000
HarryPotter,12,243,100808c8bbe67803085b9e51b69b6d6cff821c,10000,160000
维和防暴队,12,244,100808387bcfbd4678d2688985a62d32c5d0a7,20000,60000
电影,12,245,10080851e9743451d44c9e10ca584546782491,590000,430000
DC,12,246,100808cf75e54791dd1f49f918345fdfe2430b,30000,30000
电影操场,12,247,100808c49a1f7782e2f3925e12002ef339c695,4695,5785
电影遇见你,12,248,1008082a528df7aa92ba682747f14e950723c8,1450,1577
电影维和防暴队,12,249,10080878fa77a9ac754005b9bebcdce93354fb,5282,10000
电影峰爆,12,250,100808d2432d356eb424ab102ddda12ef69ea7,10000,40000
电影猎毒,12,251,100808ab7a1aeeebae4bca34c576be410f11aa,7583,10000
电影无限深度,12,252,100808386533c6bea81d23558128c5c4a9fde5,50000,60000
电影草木人间,12,253,100808c45c7a96d8ca7c02dcc5de03277ec5ea,261,1108
远鉴字幕组v,12,254,100808aa0c8a40e1ee47cd1c61c0e91f1d37ab,5019,20000
贾东岩,12,255,100808d130b1b9de1e238802057396d4b59688,1571,3627
电影消失的她,12,256,1008080b83d6eefe9cb10addee5e435575d04a,714,7860
星球大战,12,257,1008089dab9177e2aaaf35d5dcd26ad1ca9cc2,20000,10000
电影中国刑警,12,258,1008083f0c5380cd54137e360be1344a716d32,20000,8966
电影赤狐书生,12,259,100808bf25f13fb3ffe7531efa57834b367588,10000,20000
张泽禹,13,260,100808afa45536147616ca3db0a7490704bbfa,290000,960000
谭松韵,13,261,1008083764d1ea1d12a7d7ee23f2d98bd3c7a7,790000,1290000
陈天润,13,262,1008084a43415bc6fe63dacc3ee188733ea690,60000,350000
许佳琪,13,263,1008088eff12bed3b5e7682f4207b03685da34,710000,1440000
陈哲远,13,264,100808e0b4867a1801ceb7d78eae5a78246717,250000,350000
JENNIE,13,265,10080865c33c3fe9d4a23679e9faf5cb040adb,210000,920000
喻言,13,266,100808caf7e68f163e2d2e7d2c6a376095cf77,980000,2010000
赵让Ryan,13,267,10080828ebc99a7eda758c55afa7b76bdb18c2,140000,590000
gulfkanawut,13,268,100808ed83c38a06a7c54da6d643f8ac2d3fd2,130000,130000
郑乃馨,13,269,100808511f83be94c7f9bd7bed17ae4881d417,130000,650000
许杨玉琢,13,270,100808db5ac566e03d1598b15cc1c555fc5450,40000,100000
马嘉祺,13,271,100808d084599a8d651890c335344604dc6441,1890000,4980000
ppkritt,13,272,100808e21931d9c3c0ef1fc720c2439bfd12ab,70000,260000
姚景元,13,273,100808ac0d5da858084cab18d3ca2462a23e53,40000,630000
王凯,13,274,100808c79f499aa69ce66e24b4eeb5a3a4358e,2640000,1100000
罗云熙,13,275,100808acf866e449eb50879a948c2c94b1b623,2780000,2910000
丁禹兮,13,276,1008081c60117765725e0da0e23007ba00d630,380000,530000
苏新皓,13,277,10080819a5137ac9109462f670e39aaf64b1a0,200000,870000
林彦俊,13,278,10080858e08feaba348e3a31231d8820e746b9,1110000,2170000
李易峰,13,279,100808af4be206e00ba53ef97795053f57e93f,6840000,2900000
key刘聪,14,280,10080846938499ec77a48bbb776b730f2eed97,30000,40000
小智不是大聪明,14,281,100808f96d99eaaf3fb1496a558f9433ccb078,10000,10000
魏潇逸,14,282,1008089c8c1710768dd705fcfdb517782ee0cd,5765,4552
Troublez,14,283,10080889e7d319ef832fcafdfbbbfb7ea8b1e3,30000,120000
吴麒麟,14,284,10080807a2c4634b8c1117e2e89fcb20449b46,2922,5081
苏打绿,14,285,100808772931e80648a5d58d2162dfab96582a,20000,80000
舒灏Orenda,14,286,10080818011a0d38d2b8b20fbd7f749dad7711,1650,1250
三斤会唱歌,14,287,1008084527670b9c899a51ffefff70ce2e01b2,10000,5012
刘姝贤,14,288,100808fd268ede93fc7d028aa62fe45df03c5a,10000,60000
鱼丁糸,14,289,100808c4b35fc41f5800d470a6d56ff2f3e838,3571,10000
仓木麻衣,14,290,1008080ffd460f7dd780f94f347f605ab019cc,10000,5660
流行音乐风向榜,14,291,10080829e5a53ebbf1c8a95a896e657484a997,6055,10000
颜人中,14,292,100808da9441e38116a1a786a2ad9c5fdb0e01,20000,110000
伦桑,14,293,1008083e15bdc4c6aa02158519aab2f0e908a8,80000,60000
王大娘,14,294,10080889479d40039bfc798682495a8f78cfd6,20000,800000
妖扬,14,295,100808180c826b4c8eb43deecb915ac04fc8bf,60000,130000
kidmilli,14,296,10080815940ce95033267035f22427767998d2,5742,10000
张恩岱,14,297,100808aa619e4826fad86363be4ac085a4bd5b,10000,7638
李苏霖,14,298,100808d52d9d9423dcedbdd73af61e190566b6,4664,2662
摩登兄弟刘宇宁想象,14,299,10080880161f8fe1100f37612d6fcddbadfdb2,30000,50000
基金,15,300,100808bf8214c421373e396314d6f872e3f2c3,230000,480000
大金狗,15,301,1008085d53c288f4947b3ae7aa8137e77fa4d0,120000,60000
币圈,15,302,10080896a56fed7aae3328f746b0910a25b4ff,60000,70000
EvilSquidGame,15,303,100808355ea4f2d927b813806be653d0a0c850,20000,10000
TitanV1,15,304,10080891be55730781349828e7b900eaf508b4,30000,80000
铁军,15,305,100808eb485551fa0a855e6e02da9841e9b799,3737,20000
GHC,15,306,1008088edc8b022adf86c05613c1958a28688d,40000,180000
股票,15,307,100808901d93e8d66be5c61969f07b4ae78f0a,170000,120000
碳C社区,15,308,100808a134f43e7416921020af5c8fcbc6d4dc,30000,110000
四大会计师事务所,15,309,100808fbe11d4e5b0eeb10763545a9e344b672,10000,40000
狗狗币,15,310,10080898e67939935101c0f93d537087b01e89,20000,40000
stars星舰,15,311,100808398c2a8cbd348e54ebc18cf4732f0e87,10000,10000
dew,15,312,1008081801bc89e752077204c92b3dd9f9f62d,609,5537
STARL,15,313,100808d8ae4adf7345eca102cc0531e3cddde6,30000,50000
招商银行,15,314,100808e0f88f4dbec781d1ab8402e53f0e25c3,4940,10000
hare野兔,15,315,100808d9ba26d4cbb4d907646960e08ff98b42,6140,60000
涨涨麻麻,15,316,100808cb5cde02aa6024a2f3fb1bb5bd95b4a6,20000,10000
FEG,15,317,100808ba1751d06445dceb43b9eafdbc847f65,3547,2374
支付宝,15,318,100808ccd097a7b57abdd91d882ff55cda3209,80000,60000
今日看盘,15,319,1008088203bb6e25c2e22056924ac1b4b9ac38,510000,180000
人鱼线的pdd,16,320,100808fd5080dded46313ae118d713dbb8c51a,550000,360000
不高兴的小八,16,321,100808a6cce3f1c0bf11a0cd7d382d11d1d00c,90000,70000
二辰,16,322,1008082a02d40fbd0a2fa32206f4bb507e3427,120000,100000
地蛋的,16,323,100808d6ddddec8a12c296cd15ba7956c68646,50000,50000
安静公主,16,324,10080895f3f21374e4a6c9b5457ca4e51e5669,10000,30000
北方的烈阳,16,325,10080838bc1a4adb16066627d3e7f1c841cbd2,20000,30000
杨艺淋,16,326,10080816a29a3b01f78bbadbd3017a6fd2ab43,70000,40000
auy,16,327,100808af64cabded8859e491717fe17c4cc4d6,10000,40000
浅野启吤,16,328,100808de6f0d002bc4d9e3d201b6b0e6ee69a1,10000,10000
桃黑黑,16,329,100808773a77fe72cec9bcd6ef5da70f39d13a,6435,20000
摆个摆,16,330,100808315f5d9c224729ef2f55df8de830fbc5,8211,10000
You李奕,16,331,1008082a966a2f15ab507fafa280fef05e0a3f,10000,20000
王小越吖,16,332,100808acf8027182ddf82aaef3bcd5fe3a36ef,8994,10000
睡睡和醒醒,16,333,1008080b5da5597fc2f025df21837fb3b9a3b8,2583,10000
旺仔小乔,16,334,1008086747b77dcbdc291d8b35440e8f70b3e6,8482,10000
段依娜,16,335,1008081e8c1bdf39d7affdb33d58edbb28febf,1212,2596
段越清,16,336,10080841fd3de1bbd6ca4f7de9dcbc73b6bf9f,4353,20000
孙雨晨,16,337,100808158eae57b1fab4b39739de669376fb0f,2795,4061
抽象带篮子,16,338,10080827710fef480df7d7cff9e66eb8628047,10000,20000
张思瑶,16,339,1008086abe114ea08756452210234281d63b34,7729,8543
摄影,17,340,1008084c8bd0af0f9066cceea349b796d13d9a,1190000,1290000
寄拍,17,341,100808609a1a8ca7e294c2652d2c52a2242e56,10000,80000
手机摄影,17,342,1008083e7019a6d71d7bddf7ea99fb6822c389,260000,320000
寄拍模特拍摄,17,343,1008081be63925c235b03ecaf89d354c282191,7539,50000
VLOG,17,344,100808bfa032537a3d8cb1b79d161afe00819f,190000,270000
VSCO,17,345,1008087f6eed3f8dd02977d184a75ade2c3380,210000,320000
罗熙,17,346,100808522ab79d240e2e8f0291dae782e2958d,20000,40000
随手拍,17,347,1008088deff26f0f92652321e3751c2e57dea2,50000,120000
约拍,17,348,1008087e35a083957f4075494b7164684f7b45,100000,210000
正规网络兼职,17,349,100808f126ce87cd15a1e485f49d0d630743eb,5882,30000
寄拍糢特,17,350,1008085dc5d96bb7abec2df381c1fc962a4d30,3427,50000
iPhone壁纸,17,351,100808fed20995e72e77a852a85c68d9332011,20000,90000
网拍寄拍平面模特,17,352,100808a0ce2b03bd642f547ebf6e9d3ba08aaa,7338,40000
网拍模特寄拍模特,17,353,10080861e4f01dce8afce97d93988afb710d40,5622,40000
VSCO调色教程,17,354,100808f86e1bcbb74e1c7bb64e87328993352f,30000,250000
摄影人,17,355,1008087892554390944b0555c66e9dd78b3eae,290000,190000
中国图库,17,356,100808c25a07c5e0da420a118253f49dd0b117,230000,120000
空镜,17,357,1008085f2cd8a98a0f56e5ff89d855fa0b3bd5,2763,40000
是日烂胶,17,358,100808979b5636794593faea770b55891a533a,20000,9120
nani,17,359,10080802ea2ae2a237c042285e093e6972eaa9,262,2585
大熊猫和花,18,360,1008081f82a20770001b184a1ffffd7322fb4b,10000,30000
喵星人,18,361,1008080dada19ee57757397c843c1d9a3e617b,430000,340000
克里米亚野生动物园,18,362,10080820b29c23be374c3c0592df8bb07ec09d,40000,30000
柴犬,18,363,100808fbbad305fd0f232e8af5aac7b8350880,100000,120000
酒鬼一家粉丝圈,18,364,100808a242a337262007c7e082451e8ec6a472,140000,170000
大熊猫萌兰,18,365,1008080ecd26dcfcd6c5ebb8de54f785f9e9f9,70000,100000
不丢,18,366,100808bdd44ddfd145f9755687198f15bef80d,2612,10000
梅兰肉肉,18,367,1008082dcbf49ed72757dc831f44ce9105c95f,40000,40000
奇一,18,368,100808d799056244733b16032c5b6eba492749,40000,50000
大熊猫绩笑,18,369,1008085f1be4ce583c4e407a0f817bfc3c2049,10000,30000
萌宠,18,370,100808e081a7c21129df4e736c745ab0a5fd8a,330000,230000
大熊猫福多多,18,371,100808c9614e1f7e5943e2fd668d6777cc0083,1422,9484
狐狸,18,372,100808d40275dd72ad79fd7b2fb7eb2bb0bb94,20000,1600000
leo一家,18,373,1008088add6a2dfa6ed9fe3e11ccae048a4da0,70000,50000
著名网黄猫日,18,374,100808c2cf37a76ccb9b299cac13be937fe919,10000,60000
大熊猫胖大海,18,375,1008081f297b60ab4527d7dec18bfd330bcee3,20000,30000
兔子,18,376,1008084c16854a6f9f0944f11bc490d4891883,70000,40000
仓鼠,18,377,100808c66469f71304ea884596569013bc17c8,60000,40000
猫,18,378,100808b655de688e0a05b8f364a89b4ab0bddc,130000,130000
柯基,18,379,100808aa2cb4787eef3e56135518c57986206a,120000,110000
美食,19,380,100808c8922754fd0f2ba821918f4e69a04a71,990000,850000
早餐,19,381,100808edb33656f8aaf7c68add26ad8d0fdba4,460000,390000
不可辜负的美食,19,382,100808b1b7e9408874e7297adf041ab5655560,230000,330000
家常菜,19,383,100808c7efa94c6ecbe6dafe685fced7341d9f,60000,150000
晚餐,19,384,10080896a6ae141180ce2634d2f94cf8c01504,30000,30000
一日一食一记,19,385,1008089e11024b9d1d8820c9c78c69fa533e14,160000,330000
咖啡,19,386,100808a761914f9760af3c112e24f08dea1b16,50000,80000
天天晒早餐,19,387,100808d54b2c45918c09eae2eb6cc29232c93c,300000,130000
李子柒,19,388,100808f6aeabb30583ae09f69c8012bb88c474,20000,230000
烘焙,19,389,1008088250db66d6601237888cd6205b77b4a4,50000,150000
奈雪的茶,19,390,100808fe1bc12c9d65e557282b190793fa7540,6036,10000
喜茶,19,391,100808db2ee7fcd32ee1a0c0e4151172b80705,10000,310000
菜谱,19,392,100808ad237159d74df60d9fab9003068c3e3e,6878,40000
美食做菜很简单,19,393,1008082ec0fb81e750b2afb76eb2d7009cdde7,60000,170000
牛奶少女,19,394,100808e504bba54630c9163537eaebda657ef2,60000,20000
365天早餐不重样,19,395,1008081a7015655bbe82f1a7fb13fca663bf86,40000,3250000
Mars煤球儿餐厅,19,396,100808ddbd988b76499bb624a0bda291ecc1fd,10000,10000
一人食,19,397,100808e8db1d964a679fce2d0189973b1bf46e,20000,20000
吃播,19,398,1008088f2311b60389992481216956f701f8ba,290000,100000
下午茶,19,399,10080864f5a62f24d280235b8e489e31a4214b,9716,10000
阳光信用,20,400,10080898eb7372c9e744b2bee736d10ae5c4de,4230000,1080000
互评,20,401,1008088ecc55a2e6523a595af61bf2355860e1,930000,80000
互粉,20,402,10080896b3c9baab600f412e89cc52a63521ee,2300000,640000
京东互助群,20,403,100808b00f610bd920de299eafb0a81e35b674,520000,70000
qq扩列,20,404,100808255a7f1627d21a399594c90adef0ca19,40000,40000
饿了么,20,405,100808dc47280b595ea347ed0cbca21a3f8c0f,30000,30000
互关,20,406,10080884045b616a35d3eedccfa6dddaa548a9,80000,50000
区块链,20,407,10080875d8fafb0706c9381d4c91e3b184f19d,210000,110000
阿里巴巴云客服,20,408,100808a7ce05bfaa5d757d21f05938c1d1e467,60000,200000
扩列,20,409,1008088a1b9215e9471e29b66799690a9b488b,40000,60000
超话小秘书,20,410,100808a6b07866bcecfbecd4ba02e023aa4d8b,140000,230000
拼夕夕互助,20,411,1008084c64af9bebf26253e2b632f10a372cba,70000,40000
区块链是什么,20,412,1008088bd2914d176d7aee18ddb5287c5bc47a,7170,601
ins,20,413,100808cdf1e220d89c2dcd2e000c3d105bf93e,20000,50000
微博互关,20,414,100808d7ddfa2341fa825e17fd76fcc37c5f9a,40000,20000
抢占微博好昵称,20,415,10080806b0a4e96c0a750ebbfea2ebb2dfddde,9625,10000
腾讯人工客服,20,416,100808273cf2e265dd37620c52bca0de0aa5d3,30000,70000
中国卫生人才网,20,417,1008080ccbfab6bb87f56e907d0f8224708c85,20000,30000
微博之夜,20,418,1008088c1c0f3885a9122634cd36f678a09b9a,90000,120000
画粉扩关,20,419,10080823e72cb6327b7cacf10856050bc56392,6868,3875
画手约稿,21,420,100808e4b1c9cd9bdd04abd1cc62efc529f8aa,210000,440000
约稿,21,421,1008085f5c2c9e36625780267d9e5d16cbff82,100000,170000
procreate手写,21,422,10080846466e8fa1d5d4c5699db90aa71262e5,20000,60000
一起练字,21,423,100808ee93dca738fe0dc39ce3d32fefd206d8,410000,390000
棉花娃娃手作,21,424,100808a56667040682fa0c993c03d84e29298b,20000,130000
插画,21,425,100808e130cbdd7edb57d6e5a93cc4eb41be68,300000,490000
水彩,21,426,1008088d3eaa332a071104bec8779d6ff2a04b,170000,320000
诗词,21,427,1008088e964d494f3985b3f8c61ac27d2f0e7b,310000,250000
字体,21,428,1008088456bc40d48da5af833f1c63385e9879,10000,70000
古风,21,429,100808a958e72674a7018c4910d71d8bff6c81,110000,240000
飞花令,21,430,100808bc7633e323779bb81b426240ca9b117c,30000,60000
书法,21,431,1008083369275f2773906a8a83f289e43611d7,200000,170000
绘画,21,432,100808c6e7d6435e5903761d9a689fcbfdd4a6,80000,200000
栎树oak,21,433,1008083f46e1906e1d1d8dd4f54f43ac74d4e4,50000,20000
每日插画推送,21,434,1008085566d00ec556ab2eff1d3b4b0ae165a5,8101,100000
手工活外发加工,21,435,1008085b450eeee7dd8553a18436b1fe45669f,2533,9232
画师约稿,21,436,1008088337733181cf230ea948eb2b35834de3,7304,20000
新浪漫主义,21,437,10080867562a69a2ea4dd6dd943883a20a8d47,8199,6483
绘画学习,21,438,100808c86fad675b95f7aae93448a0759d517d,50000,280000
海底涂鸦学院,21,439,10080895e8e8b301d1a33439fb07a8e5d58761,2234,2221
饭圈美工设计,22,440,100808ad1f14297391fa4d0208338dda5e8414,930000,700000
壁纸,22,441,1008088e92193d0e74d876aa8aaee841021081,660000,590000
可商用底图素材,22,442,100808825e559e43c7e11a61b4761c0b46762e,6753,90000
角色单人cut,22,443,1008089e5bfa16a0a48384db83d4f785d2732e,20000,70000
原创美化,22,444,10080833996ac36289bb2903eca044151cd240,10000,10000
电子手帐,22,445,100808adc9b98b3d844d8adfa5d812339d5dce,40000,170000
歌词美工组,22,446,100808976b34c98064fb72747b6e836cf955df,10000,50000
手机壁纸,22,447,1008083f788b5e3da2c356b783fee4f83e67b6,140000,250000
设计美学,22,448,1008087f6ac6639284469b7b390653f0c4ebcf,180000,330000
网图原图分享,22,449,100808c0a3c358590897a01f1429dc4831a0dd,3829,9586
修图教程,22,450,100808d9e66760e95d1bcd09906e0fd9aa7607,6728,10000
约字,22,451,10080869394b6d9d3985ffa64a57f224340556,20000,20000
可商用ps素材,22,452,100808a6e2697bba6f92056a70db9313c6776d,9246,160000
美工,22,453,1008088af44649808afb266cadd7cdd7f44db8,10000,30000
与君初相识,22,454,1008081d29087a4c708ee0ae8aa9dc2fdde4a0,2492,2325
Procreate,22,455,100808edaf2e99e994a881240003beabea90e7,100000,260000
sooyastudio,22,456,100808dc6ea5eda3701b87bd5f134f94038c0e,40000,7634
Kmeer,22,457,1008084610968fde1f69d31593badb4c28eb27,8825,9054
金属徽章约稿,22,458,100808bf2c497e3a568353acb2568d66f783b2,10000,10000
ipad壁纸,22,459,100808e615b2d7718fb95e8d237379f553ce1a,8915,80000
舞者李响,23,460,100808014022e54f77c9f4efec3f8a39f8efe3,40000,20000
Cindy维C,23,461,100808173485d2b3ee5c1a7f4a2c948040e52d,4618,9719
韩宇,23,462,100808f53a5e2bbf4e124010d471c312fb8b8e,80000,160000
杨文昊,23,463,100808e044952a9ccbb06b77231e29f5e6bb51,170000,150000
FranklinYu余衍林,23,464,10080823b38bfe808fc81e1fa2f86aa274fcf1,50000,50000
刘洋lion,23,465,10080889ef228e2300322f97c935f5ce012ac0,5140,5606
墨茉,23,466,100808538535be8308782e878274515bd20f5d,4820,10000
街舞,23,467,1008080f8e7cfd2e4b2a8101d8e92faf0ea924,50000,2980000
胡浩亮,23,468,100808061f7e12126c46883bfe6fe4d3f894ea,40000,60000
泽本夏辉,23,469,1008081ab5e54acbad10786a06c1c965f2fddf,1056,1489
刘迦,23,470,100808c4b99b4315510649f56985f565353322,10000,10000
跳舞的彤彤,23,471,100808a0e3248438df2e1702a8f076ff4ec743,1150,1226
只此青绿,23,472,1008082e3583e9bb1a71f65f3851ac4f0d1874,3979,8789
Bboy乔治,23,473,100808857aa133c6404722423fc9c1870bb42b,10000,10000
唱唱,23,474,100808ccc1bcccff35b64987a2b0093be315c4,6676,6296
黄潇,23,475,100808b665f8b6b8f9fcd6f5a5301d8440a92b,10000,180000
叶音,23,476,1008081c55d8f179f05950524c8909bc7b526f,8784,10000
杨凯,23,477,10080857e35217de952a54dae7a39240b77ca6,6082,10000
肖杰,23,478,100808fb933755407a301a55757711cdb0fba4,10000,2720000
甲鱼kyle,23,479,100808be0f0110d4b4c894900e811ee3f99644,3000,2091
旅行,24,480,10080887483408cfa62006f530473e57323a26,310000,440000
杰拉多尼,24,481,1008084cae5a9b23f1770cfd1a5f347b0c5897,3979,10000
驴友,24,482,1008082263c5ec0f8592f801ad72af9502454b,70000,60000
故宫,24,483,1008083f08d9a555bdc505df5f8ccfb0f8a6c6,10000,40000
三亚国际免税城,24,484,10080843367f10a9232d034d6df6e8398bfce1,10000,30000
带着微博去旅行,24,485,10080866a5f754e12aa30627732072d15ba6fd,80000,200000
旅游,24,486,1008080ebbd85f68911401fb897b0a97f2de91,60000,70000
中国旅游印象,24,487,10080828ac385d88f195224aa6c34d58536925,20000,10000
海南免税店,24,488,10080881489c114fc49c9999a5e96bc71106c3,10000,10000
找驴友,24,489,100808d6a07144a69b04b2e3a75387d10382cf,10000,30000
北京环球影城,24,490,1008088e3841cfa0818bbf937a49ba723f3e0e,6080,10000
苏州园林,24,491,1008089c78100b390ae17de31a5306ccb6f5bb,1619,2494
日本旅行,24,492,10080812c9e98719c145cc7abb9dc7481a2066,20000,120000
带着猪小屁去旅行,24,493,100808dce79cc06e8cead9a42449db78d0361f,628,341
旅途笔记,24,494,1008085ee27a0a4bfc563f6a11231c39fe7a88,30000,60000
爱上这座城,24,495,10080850cfb56dd8e7233c2e83b78a1531de8f,10000,20000
古建筑,24,496,100808cc442901364e6518ae7f5a5c34aae006,5877,10000
结伴旅行,24,497,100808bc53694d3c50bd128a624b82d0441628,10000,20000
西藏旅行,24,498,100808e63cb3a376922690a603f106f7401d57,20000,80000
游遍中国,24,499,100808d7f501afcfd29b3c0f723b3f48386afa,10000,9384
表情包,25,500,100808f15c1e4771ad6fe4586c95152ec0b33d,300000,990000
吃瓜123,25,501,1008084886b7063a3261d500edc3cecda27ec1,160000,110000
搞笑,25,502,100808c86edb545da5818f5aad83caea7d75c1,1810000,1070000
丸子妹表情包,25,503,10080843ef41cee99168f713664af3745a0540,20000,70000
配音,25,504,10080801ab0b7547b3ae10ed8bf128901eb124,7910,10000
榜姐每日话题,25,505,100808b86d581590c07d4de8ce930e1156dc70,360000,780000
表情包无水印,25,506,10080891d4c3175b1e88c6fe7e0f1f345b6b8a,10000,80000
笛卡和她的土豆人,25,507,1008080bd927a8d390dd2a2031170155320cdb,1168,2244
许杨君,25,508,100808b65592207ad48fbffb19c5d374be2bce,5515,5021
追大鹅,25,509,10080831bae216f3f1f24e1802881a09ab7893,10000,7938
青龙山皇家疗养院,25,510,100808136451b2335d08dc027fd31453257eb4,30000,10000
小黄鸡表情包,25,511,100808788353e0833cd70270443a9ef7db16c1,2945,10000
黄夏温,25,512,10080806fcb94050154444d0bd473f4e01034f,9501,30000
拉屎,25,513,10080847fae0e6376385afac89d0e692b41e7d,10000,6675
meme,25,514,1008089c2f924fb2f7004e7979ab2027ca1d65,2052,4614
无水印表情包原图,25,515,100808d2dc1008e830d0e3ac2be8ffef4f7e70,9347,10000
因雀思听,25,516,1008082e8278289fa68fd5840d70135cf97711,10000,10000
李雪琴,25,517,1008086bec6f7ebcfe85ea02ab7d05e5bc2f8d,10000,10000
我的阿油,25,518,1008084e70a1d983ade81e54d01ee9e6e77538,20000,10000
原图鸭,25,519,1008082df2340d6b3b840f9d3ff27102767ef3,4198,3242
副业兼职,26,520,10080812229eedbe7b186d68b2cca3d13d2e53,70000,290000
宝妈兼职,26,521,1008087dd2b9cb80032b9cf7fc553d3e8811d3,130000,230000
王冰冰,26,522,100808dea26dee11862746f21382bceeb14c98,50000,60000
会员,26,523,1008084d9dd5e4987503f3e84976a233398d5a,150000,120000
招兼职,26,524,10080898856b672d0883effa5c58c472bdc0ca,10000,60000
网赚兼职群,26,525,10080836e31ccee08f0cb03c537c31a29edc32,7348,30000
联合会员活动,26,526,1008088bae169bddcc1a8fb8320ad136ac963e,10000,100000
找工作,26,527,10080809496b16b5b051b78a250206c140891c,10000,30000
兼职副业创业赚钱暴富,26,528,100808ac1ac9575d880ed5bb2ff3021e4a8ad3,3033,20000
京小电,26,529,100808410051eace306d7fa06dd4b39fd5b5de,9297,10000
网上兼职招聘,26,530,100808a0fc49b566f6cb831801d3cb3ae2b9db,10000,50000
88VIP会员,26,531,100808a4d669cf0045ca7fd595ee5029283d1a,30000,50000
大学生兼职赚钱,26,532,100808ff7c4460935b6f23bd11e441ff114332,10000,80000
文手求约稿,26,533,10080845e3ff94de736b10715ea35ef05de7fa,9469,10000
抽奖,26,534,100808dd867bbbbb935c9866886067dfff745a,30000,70000
上微博找工作,26,535,100808eaf9532c757fada0b097883893ae5e44,5058,20000
兼职推荐,26,536,100808b54be7e4f450d615a71fa0ea3c8ca7c1,5069,70000
大学生宝妈兼职赚钱,26,537,100808ace9bb5057ee68e72520da73d872196a,30000,130000
爱奇艺,26,538,100808c9ccbdcefa215dcf80094862d202f7f4,10000,510000
日结兼职,26,539,1008088370f3ddd0d0dd92ed23e9eefc42a9f8,5785,70000
阳台花园,27,540,1008083d554919574f3c3b41abbff048d7c5d9,30000,30000
家居,27,541,100808d4c38977656e2356a6837e7b771bd408,50000,80000
小户型装修,27,542,100808f57c166efeefdb43e888fb2202b47244,60000,160000
花草世界,27,543,10080862f55b4050964e1dcb9c7cb3a244c0d8,10000,10000
装修,27,544,10080881b2cb5495c26dc17ebb6c3ba676ef75,30000,50000
家居创意,27,545,100808dfda8400b3d8d53657af18dcfa0af675,30000,100000
家居收纳,27,546,100808b5aea96481c52844f0ca1f2e94d4ad2f,8802,50000
家居设计,27,547,100808bffc69258cc69c56044a46cd30286971,20000,40000
热家居集,27,548,1008080c2c2e83a192eead293a90f3be02b578,2317,9704
家居好物,27,549,1008087ec15a4c2e124b2dd4be2d1d2843d271,2746,10000
生活小技巧,27,550,100808ab4280136ab6f98e05bc91cbb2cf8c1b,6474,50000
家居软装,27,551,100808a1b55e1f45c2eba1877712d24c5c988d,8281,30000
独居生活日记,27,552,1008081cd3e375dbca27532e1e46ba7827da8a,1556,8590
Home设计,27,553,1008080c2ee8459e3b8b1a47c8fe8fb37253a7,2157,4647
家装,27,554,100808d9ae3b06f17145bf9b0c2b851fc0003b,7002,20000
极简主义,27,555,1008085e30db96a4ecc81309d0be3190d25d68,1795,7039
lovo,27,556,100808b0b36c79b6bfabd88ec18493d51a0cd5,2985,1619
装修日记,27,557,1008082fe3db131fe46e6202071276f259700b,10000,10000
别墅装修,27,558,10080836bb8c8aafd49464774568abf2826c8e,287,881
我想要的家,27,559,1008084549902ad623d60f743d809acf7f0f7a,10000,30000
一一丫丫,28,560,100808a14017ae16e76dc9db785327db747944,40000,20000
本特利,28,561,1008089b3536972801d14b95b3fdd2f4d7a64d,70000,160000
威廉,28,562,1008088797f2ecf5b0794ff9ce1a4aa55674b7,40000,110000
想想,28,563,100808856eaf7d9f108a8d29c330a5872bc89d,120000,2230000
是这个翌,28,564,100808b29a05b23c5abc64ef47c2aa1272e66b,3978,6301
混血宝宝威廉马甲小王子,28,565,10080834748b11eb06f14d25e20212ca983239,2295,9977
丸子妹,28,566,100808d7af26bc2153ba7d207942ff4d50e6e5,8947,40000
tatan,28,567,100808ee26a843418007e717fff651377da82c,30000,50000
Aciel朴建厚,28,568,100808aa69bd770dd2d596777ddb349e51ebe7,20000,2070000
心儿,28,569,100808b0bb91e947c56ccaf64cdcfccaf625fb,5030,10000
小阿汤圆,28,570,100808dba9452d257f158f015d1022ee1a6596,20000,40000
宝妈兼职赚钱,28,571,100808f7a0201287db4fec731e4c3e4a96c3e8,1294,10000
萌娃养成记,28,572,1008080d6f45fa14cee22becd359ccc703c7c3,130000,40000
威本联萌,28,573,100808c49e4c812eee7bd53159a57defd5155e,10000,50000
Zen全仔,28,574,100808526ef352da234b4d85b58e7240dfbd4c,2982,6215
跳跳俏俏,28,575,10080823335f125e355d6248d13b95c4e73522,10000,20000
林梦妮,28,576,100808007a9011746dcd4fd3d76479d0ef8033,2959,4114
李浠晗,28,577,10080890e8b2be26c6c989a536f5e022f06777,7194,10000
孙思程,28,578,1008085516a9831f4087bd6653b0a2c8249af4,1124,10000
小雪糕,28,579,100808b8daed4b3ffe5ae614e74282806c92ca,10000,10000
抑郁症,29,580,100808f86f9e10c1d3bdefe430d95f95388c90,800000,300000
双相情感障碍,29,581,100808663b07544ebb235a70685f171bb5db3a,60000,30000
焦虑症,29,582,1008083516713ec4f7d6e96b38f08873d880b7,60000,40000
失眠,29,583,100808513bbbefabc9ae9438b5fcdf666d173b,30000,40000
抑郁症患者,29,584,100808e056951c0679ee95c6eb872a589c0744,10000,10000
中医,29,585,1008086c9ac67135cf6b6383467d5ddef77002,50000,80000
耳科赵医生粉丝圈,29,586,1008082211a40b7a7ca6508a814efdedd4fee0,10000,50000
九价hpv,29,587,100808e5947e903979c04f6bbe636db27dd7bf,8394,30000
护士,29,588,100808f12b8cc82e18d630989cf1a365966e8c,20000,40000
抑郁,29,589,10080807930c974401ee7d0d242aed3c6d19ca,50000,40000
徐晔医生,29,590,10080801c4bb223489995e7f9749a46bd42849,20000,20000
系统性红斑狼疮,29,591,10080831efead1195cb5f169695fe19db1b328,8617,6515
陶勇,29,592,10080809545a614e319335527f95bf655162ce,10000,10000
心理,29,593,1008083945f35020c23952056cf68f70a880d2,20000,50000
卵巢癌,29,594,100808e2a71aaa4657c3edb4b896f7ef68dc16,3848,5793
医学生Medic,29,595,100808cd8bfa9f062f331e003963c6ff45858a,10000,50000
躁郁症,29,596,100808e541da370b78b3496736f330cefc0792,10000,10000
强迫症,29,597,1008087f90db0cf56b57e06ae0c61ba67a3159,6465,10000
兽医张旭,29,598,1008084fff8c834c16c75e38da3868becf06e4,6741,5209
乙肝,29,599,100808ddd5681a9c002a55c61e853518bbf142,4361,4963
我的减脂餐,30,600,100808359878aa8fed8703b5f50ec9adda3e06,70000,160000
养生,30,601,100808e71eee3a2e100186676041cd57eaa3d3,80000,130000
茶道,30,602,100808b29425e6ec9c6051f15168d01da9fcd8,80000,80000
健康养生,30,603,100808795473dc45f49cda348508b7bf8418d5,50000,70000
减脂餐,30,604,100808ba7b01fb5090e81a43524a250610c0ce,10000,20000
桥本氏甲状腺炎,30,605,10080878a977dc959c4556dacc3b765c7b079c,1172,3183
sleeptown,30,606,100808f41915f0923a5978cab40b821998b580,6317,9764
养姨妈,30,607,10080863b42e2573305f5e2eb79f25b4483c90,20000,30000
减肥餐,30,608,10080892792e954ceafddc57792be4d089a0f9,10000,20000
徐文兵讲中医,30,609,10080836d078e264da6154995a2d469c7b9a96,2426,10000
茶文化,30,610,100808983510630f6bcb454ba77c2da55bc312,40000,40000
减脂餐食谱,30,611,100808181756341ec4fac4b94fa313ba828773,8663,40000
素食养生,30,612,1008085c26964ea54f7dd92a532ea7b05a9a68,5605,20000
茶师,30,613,100808c3a8891b082c444d4b59173b60978866,5089,7227
中医养生,30,614,1008084ddcb5763864652eb88d42a747b422e1,10000,30000
食疗,30,615,10080829bc2f1a3d2d6a3e543434b4df9b5ba5,8777,20000
黄帝内经,30,616,1008088306e9faf2440db16c158be5f0d7da2f,6357,10000
注册营养师,30,617,100808909ecaa9baad68ed33d9d7c46545369b,6935,10000
女性健康,30,618,100808b534e85974a491d07bbfb3d0b0dae568,8952,30000
早睡打卡,30,619,100808b253508ad0eef3f73463bff05f4f219a,10000,10000
秦霄贤,31,620,100808a5f25e8455506d22b48454500adaa9e1,470000,1400000
孟鹤堂,31,621,10080889e6002807b028c52e795927ca701ef1,320000,800000
周九良,31,622,10080874b13ce5e0ac41c8baa3b159fb8de891,230000,680000
何九华,31,623,100808c6b2828c6b5efb87a4c2c5e82776061c,130000,740000
杨九郎,31,624,10080801ef62c84e97bf4d6221ee48ca669924,310000,680000
栾云平,31,625,1008080004479d0c3119e96e02f6fa6bbc0ac9,40000,280000
尚九熙,31,626,10080820581590c93c8140687f79fb396b5d29,190000,600000
孟鹤堂周九良,31,627,1008087a9448e46230eb8b82ec2ceef54c682a,90000,180000
刘筱亭,31,628,100808a6e5b716768e4c16fc14d537775104e8,80000,450000
小辫儿张云雷,31,629,100808d31e1276a3b07c57ade56902c7a130b1,260000,480000
孙九芳,31,630,1008084e3ab771c16ee609772d4a53c85ce387,60000,310000
张鹤伦,31,631,100808ee667bc4462fdb2b2a14632e9bd9cbdc,40000,170000
德云社秦霄贤,31,632,10080893fb7c6f9ccb8af2f1a1fef6b445b3d7,40000,510000
德云社张九龄,31,633,100808e75e11b527342cd896d5cb08d7508e5e,170000,490000
九辫,31,634,100808d21471b085fcca50e00df35b3a66e624,230000,340000
德云社,31,635,100808ad6d0130e658c0cf25f6871eb818bb1c,260000,760000
张九南,31,636,1008081d85d7c366197b3b3d544d1f9d4de579,40000,420000
尚九熙何九华,31,637,100808ca2ed6169d17f27d99353ac21fc475fd,70000,130000
岳云鹏,31,638,1008082e45100063c8d09fb7d50bb7275997f4,70000,370000
靳鹤岚,31,639,100808a5fc18c985aeb8c5ebd7c2615e61cf1e,10000,50000
iPad,32,640,1008081b9018182a49e16ba85bb095f224867c,200000,450000
华为主题,32,641,100808ee076b9e9b33058194ade6ef4b6728a2,20000,430000
iPhone,32,642,100808867e57bd062c7169995dc03cc0541c19,60000,410000
oppo全局主题,32,643,1008087172eab5c3d5156c06d3c20f4a4334a2,9213,340000
联想拯救者,32,644,1008081bfa1248f33d658e246a6f5398ccde12,10000,70000
华为,32,645,100808d63e7ea059dc68e97e2ef16531e47e6c,30000,340000
小米主题,32,646,1008082993f7d72871c927e60a3899ed9d565d,10000,10000
iphone13,32,647,1008087d4afaedfc628b8074df9f2e08de41ce,50000,40000
vivo,32,648,100808b09207f5c299c42708e1badb72c04025,10000,2100000
小米,32,649,1008082be446577762bb6cec8681f5e2d67d18,40000,380000
魅族,32,650,100808034772923bd68db5e4ad18ce7ddb74e2,20000,320000
手机,32,651,1008089f9d36327d96efaefe09f6bda9796531,80000,270000
老师好我叫何同学,32,652,10080834eca96395fa8a976c111af9d8d31065,6556,2310000
OriginOS,32,653,100808cf5adcacc95934a874a07ea66114bd5c,10000,200000
三星,32,654,100808cc1c4b62dffc307c1f23d57ba91389d0,9632,2520000
数码,32,655,100808acd9b6be9bf9f9c4d554f17c95b09ecd,50000,130000
数码闲聊站,32,656,1008087cc78e563453101a530846eb3cb85646,3116,190000
vivo主题,32,657,10080860e1b9eccf8b052014e39f04064973be,7196,30000
iPadPro,32,658,100808c12dc8a1acf990139501ecf7d6cb586b,30000,320000
AirPods,32,659,100808bee32c0156f79d660cceded78d6c6384,10000,240000
保时捷,33,660,10080887b3c27db40753fbc540536efc8f654a,4267,290000
填鸭说车,33,661,100808d7e8b2c297389bacd938f31164fda6ac,50000,40000
公共交通,33,662,100808a7270284c8bac1e5ba85ffb2cf94d360,2223,310000
奥迪,33,663,100808d578eec9f95b7b969b5a5065660750d6,10000,160000
特斯拉,33,664,1008089edef009c26359c7af8f5215a218043d,8115,20000
机车,33,665,1008086816dff98fdb14fd51360ab333c36653,5661,160000
摩托车,33,666,100808fed19a817b3427b634cb351c0e073041,10000,340000
全国找车,33,667,100808559703f5375b255f7c0edd3d833ca647,10000,320000
宝马,33,668,10080838682f11c18c9d777706b10c9c0d1b00,5158,310000
兰博基尼,33,669,100808c46730e1fe19ec874251cfadf9456ba7,7869,4030000
红色战车,33,670,100808b333d9dabeb0e9a0ff432050a541ae84,2755,10000
德系车,33,671,100808a714fbf9edbfbe9f62b6b6916c4847e3,60000,150000
奔驰,33,672,1008081df1aa9a0a86d10f9fe23cb8c59f26d6,6683,270000
每天一台进口车,33,673,100808a745a10d8106382d9b5947da6455f455,10000,320000
保时捷911,33,674,10080838bb88d4331acf8fb0705710caae08e2,1096,70000
mini,33,675,10080844c6c370fd1859325f7119e96a81584e,2809,3760000
汽车,33,676,100808b64c41208359c70f8a4997969ae4f337,60000,240000
东风日产,33,677,100808f6f0d5835838f79c864c5b0b1d3af3ed,3214,20000
雷克萨斯,33,678,100808d8e7596414d831ad3da1560ce556f69e,1847,290000
二手车,33,679,1008087f346e1e81228f43664440f924420f63,20000,110000
文化输出现象,34,680,100808e1cf1a9614404b6306213211856249d8,20000,130000
汪文斌,34,681,1008082b542ab39055ed8cba7f5bfb38b3804b,9220,30000
植物,34,682,1008089b230ac3e83cd9cff7600da8a1e26625,40000,50000
虚空济,34,683,100808442f34cd2217cf3494e62d21842700d2,100000,10000
耿爽,34,684,100808bf7551960db78e220eef92d989479337,20000,80000
心理学,34,685,10080811038d99c3bc58b08ef76b442748a428,40000,120000
观鸟,34,686,100808b0f23c71405fc88b0c0e3b6263450d9f,30000,10000
中国外交天团,34,687,10080857df1d9d07a1e264a059f633a650c83a,7805,60000
中国本土植物,34,688,1008084219eaa2b3012c1a0d6dd4c7ab8f5971,30000,70000
交通安全,34,689,10080858813926f99826a0d72e703265346a87,30000,20000
千奇百怪的鸟世界,34,690,100808c8eedef9401fc656a0bec2b4dba69582,3413,7979
天文,34,691,100808f4a56bc0c5c5852bd587610b45b233fa,20000,90000
雪豹,34,692,10080862e7f8983dce73c1b2314628d15709c5,3146,3653
博物杂志,34,693,100808243f656841134dc1869dacfd86c16b9d,7936,30000
蝴蝶,34,694,1008084d192dbe97708b085c5e16c6f02a1d29,2897,3922
国家地理,34,695,1008086f9dfb9eedca353592e62363ae699c6f,4440,40000
动物,34,696,10080883d7b8a4ba9ca03c1e863198265ea9fa,10000,10000
网络诈骗,34,697,10080868c527c9144d617f5005f309f9565fe1,10000,10000
火焰蓝精灵,34,698,100808f483737f769b8b5b4d46a9382c1b6743,10000,10000
肉锥,34,699,100808865e5450ea14091cd9700ac3e9df3b02,8996,4824
中国军人,35,700,1008084651c8cefd0b1758ac71d64b674c7fbc,30000,90000
刘代旭,35,701,100808a839dd2395e2939c97b9040bf9d25677,170000,20000
边关月,35,702,10080846b4706edeb2d4db06d4a79d0953fba3,10000,7077
国旗护卫队,35,703,100808c1b4aaaea454df1f8835c08a07273d8c,2494,7156
王威,35,704,100808203c164178755a6d0f89745257d34083,20000,30000
高原战士,35,705,100808965da64d581dd629f27e2d32f9e63cbf,7701,4270
武统,35,706,100808914991a81a0144970599b143572e3780,50000,40000
兵哥兵妹那些事儿,35,707,1008088405feceb80f64a824f20b24cb8d81f0,7370,10000
刘金沂,35,708,1008089f7f737831f4747bffd6b75db08dfca1,10000,20000
中国军队,35,709,1008084ac61608ad0d9aad42ad460cfa103f70,20000,40000
哨位日历,35,710,100808ab6cf11dd447c48c22d621f6d2365677,30000,7475
军事,35,711,100808e801f487fe59823bfeeeaf646d0c0206,50000,70000
军人之家,35,712,100808d41c361377c792c7d39bdd97145ff655,40000,40000
中国森林消防,35,713,100808ce74816177029ddf99ff13ac2fcf04fa,10000,4953
左拆,35,714,100808e3ea8d50d017975f155bf51bc12b90bc,8611,20000
周世奇,35,715,10080863073ff82c2f1dc340c0a0f1a977d5ad,4448,8634
起床号,35,716,1008089210731c4c25f8c1825489b2882c649a,10000,6524
蒋飞飞,35,717,1008083119dbb7d4bb89ecd05904b72f89be92,20000,6402
张浩西昌,35,718,100808a3dfd13fac40f403d2c7b5c729cd21a9,10000,3912
张自轩,35,719,100808f86daa83e781b6fd9ad5fe4a42235595,5497,8431
历史,36,720,100808c827d8dbb76ce33219f64c6749893159,70000,160000
历史那些事,36,721,100808279678c7b6ee6e634fca0c5fb17c8259,40000,120000
卫青,36,722,1008082440bfdb44787fb585b9c5bbd15c52d8,2642,4567
諸葛臥龍反忽小隊,36,723,1008086b18a898b5525b9112b484ee61f08074,10000,10000
策瑜,36,724,1008080d2575b8bee9170d0a8e2a462f1eb585,1581,10000
鲁迅,36,725,100808f9c56b1fabb14209f6e3156d1e54cab6,6420,30000
诸葛亮,36,726,100808fda93c79275b812a6c1c189fbebf8b08,6379,10000
霍去病,36,727,10080853300cbf88367b4c0de09ae5736410da,4612,10000
苏轼,36,728,10080820fdc8052accfa0f626a8b9f2b66b5c6,10000,30000
元白,36,729,1008083db49580277c78fbb85eb0d64d69f3f7,2103,20000
太史公记,36,730,100808032638b6441356a7b5114fe06592f297,3272,3893
考古,36,731,100808cf2dd9bedbf06d58924ae8213ae4427a,6823,30000
长孙皇后,36,732,100808acd3e616d86c45271c7534768e9259f3,1353,3873
历史今天,36,733,100808873c739205f2cee750348486ed204648,5745,7219
周瑜,36,734,1008084d16c07d597aa512f538b523c8b07066,3550,10000
秦始皇帝,36,735,1008081dc2d7fb644ba7bc93d709cd501eaecd,3589,10000
陈乔年,36,736,1008086a108a446cac970405e5e78c057a28d6,587,2866
文艺复兴,36,737,1008081c6ae5a03f02f9ee590755720feffb12,773,7957
孝仪皇后,36,738,100808e4e981846ae5d513c9fd6619a3d2aa84,2217,2227
海上一浪花,36,739,10080800cfb7284aa51d24cae48719045234f3,8360,4563
紫微斗数,37,740,1008083f3d32f7e7695eb2a0ab2be4cfc474db,40000,30000
道教,37,741,100808608839774f8d207130c61bb9e0e98dc8,50000,70000
佛教,37,742,100808787818f07cc02857c52c43edacf56788,100000,50000
观世音菩萨普度众生之论坛,37,743,100808f13fefe13264ee62df2700ee24463166,50000,10000
大乘佛教,37,744,100808ebeb9a56432fc5788912a62dba2abfea,2900,2009
至道学宫,37,745,1008086d212ea43cf8ce0ae33a01350cde9300,2546,7289
宗萨仁波切,37,746,100808426870c7f6d5e24df9c5b437a38409af,5060,7302
慈诚罗珠堪布,37,747,100808ba94350143e53355a7676eb02a43eec2,4230,4940
常观世音微语录,37,748,1008082669be6247de5a8f52f4b604e41c7d1a,40000,5858
佛经,37,749,100808d22d3d1fb980dd6e04d9dac098bcb6a6,20000,110000
贫僧,37,750,100808f4c131558ab1e4a6e0568f86bb500572,382,1835
印广法师,37,751,1008088def6785a13c71ccecf7c56c13e4a1cc,20000,3451
基督徒,37,752,100808f8bfca5fd5c53f19c14852ebe2556ac6,2874,3132
金光彌勒福袋,37,753,10080809a7447c20c46eaaa97304224d1f8f31,3932,339
宗教,37,754,100808ad8b1ab1a15342fbb4653f074334ca4c,2673,1755
地藏菩萨木轮相法占验选辑,37,755,10080871147b2d6c15e47a81952947a6f1f20e,10000,3676
佛学文化,37,756,10080805112f934cfdc41259ed7bd646e626e6,10000,9516
文殊菩萨,37,757,100808adce9a364414b04929d21212590abbfd,1662,1512
玄易灵符,37,758,100808a5e203d010a2489f40ff777d9f8007c8,8637,10000
大光明藏中谁非谁,37,759,100808076c9a518e5cb6837275a6a132af14c9,50000,10000
明信片,38,760,10080824f58deaa2e50b06a09c4db9304417ee,10000,10000
手串,38,761,10080877280f88fe6a7ecdc0cae49cfdfe2aba,20000,20000
翡翠,38,762,100808c5b9e46b5a62ccc7260d0d669fbf0f41,50000,80000
文玩,38,763,100808e958c867fcf8b03b12e9290f8bf192ca,60000,30000
珠宝,38,764,100808b57d2f00fb139b96a44a7ae6dbe69747,60000,30000
水晶,38,765,100808184373cd7cd916c55ecb599e996edc9e,20000,8547
纪念币,38,766,100808265a9a84bfe5436b6bceb5974c5afe85,3438,8989
邮票,38,767,100808a5b3ce87a010d2edb0be075b9f63383f,6462,8975
奇石,38,768,100808cc6d3391960101efc1732aaf98c32553,10000,8480
收藏,38,769,100808ae336cd047a6b0d10ffdc05dece4f3c3,30000,10000
品茶赏器交友,38,770,100808847958054c3b993738b12aad891551f4,10000,10000
瓷器,38,771,100808b0b9038ffbda50e6a4a0503ffafb15da,10000,10000
星月菩提,38,772,10080800cb33816f410c851c633c322795492d,3911,6805
文玩核桃,38,773,1008083f6a2f7e4521dfdb8824b40651eadfa3,5631,4849
古玉,38,774,1008089c4a181dc7a0959afdf22da4d54eb309,10000,10000
文房四宝,38,775,100808223f859ebfeaf6887789f41146cfd38e,10000,30000
集邮,38,776,10080858f1478dc20a300be3bfc8e985a942db,3007,3353
玉石,38,777,100808dfdcd4a97adda9f8d052f0c8842d1118,20000,30000
古瓷鉴定,38,778,1008084e4fa15b38a1335840689783a13afa17,6002,1375
沉香烟,38,779,100808655131c661072f108f13eaf1df50aacd,10000,3150
李佳琦,39,780,1008083415d340821bf41d2a419a59d75890c0,260000,980000
老妹儿买了啥,39,781,1008084ba5c4e5a15288dd01549871b7329030,120000,290000
刘雯,39,782,100808a2f35d8f10ea825f269aac1c8d465c18,150000,610000
十三余,39,783,100808d634139902cc6e6463f430e2a7a69acb,90000,40000
美妆,39,784,1008081b39e3456bcfe62618b5703a0395c6ce,440000,5540000
dangerouspeople,39,785,10080875e1ff854dc894b00c7bde0af3ad054b,7469,290000
穿搭,39,786,100808796580857589710ec74bf27479ba4e2e,280000,750000
露露黄了,39,787,100808d75b900de4b0640719bd26b418056710,80000,330000
川黛,39,788,1008084bfaba1972843f38dd9513911d7b878b,40000,310000
OOTD,39,789,1008080797aab3714426e9c9a18f0a3138407a,170000,600000
张大奕买家秀,39,790,100808f8987b249b74c5a86fad355ee2c44d05,120000,370000
KendallJenner,39,791,1008089b97cdae2b10d5f9e21aedbea6f4f67b,30000,390000
阿花花酱,39,792,100808f7f9dc879f61579c6650dbd9bb0e170a,50000,80000
DrewHouse,39,793,100808200a35e931405e27cab1bfbaa1d9d7a4,20000,380000
小个子博主,39,794,1008087270162da10854fa6cc5d390325d55e7,80000,450000
TWOEX2,39,795,10080896eafc2cbc13498424174a3010a2c252,10000,440000
奶兔星球milkrabbit,39,796,1008085aff1b0769615f6e18119a00268b6e10,30000,230000
没烦恼很幸福,39,797,10080889d018ff635321ad9d4b5065663c0cb4,10000,20000
程十安an,39,798,100808a3ff4715c23881bd978d312536ea9cec,10000,90000
易梦玲,39,799,10080862849608511f9bad41298608f12a3f4b,4827,50000
丁真,40,800,1008089a6318d6adf74e0a5b656214e10f0dfc,1240000,120000
王不染同学,40,801,100808e047fd655fb9804da640b369c9c80f8a,20000,280000
官俊臣,40,802,10080858efc801d295f5a2a5b0b2f5ca787f3c,10000,60000
DONGKIZ,40,803,100808876a0dd11298348b25645b5bd87ae7e2,4769,30000
jinni,40,804,100808259dfb6b5f5e9e4b386f65b7149cc264,6318,10000
品了口桃,40,805,100808176d490992cd3ed2460229846c228215,20000,3320000
裴真率,40,806,1008089c2ac4be5fea220d3b7475f1a8abe9c8,2934,80000
黄宣绮77,40,807,1008081e7ff1655717b13a336e677a40b75f5e,8597,100000
漢林的花園,40,808,1008086e254928f9242687a44df7d6b0767325,9113,10000
不染同学w,40,809,100808659998c782481f6eba9749e2af8aadc8,6311,150000
蛇界猛女,40,810,10080864da198a27c164c8f40bc4c1edea1d60,10000,240000
叶航成,40,811,100808288ebae369b5d7e363fcec2fd4851eb3,170000,500000
张人0,40,812,1008083b48176f32a3feb1c3a7a7f789c2d866,8367,2290000
iiiis,40,813,100808057d6a6fcd2ff8bfb29b5ccf4a915761,10000,260000
小汪款款,40,814,100808ae879f36f973b9d4c9d3a93c31c658e6,1268,6821
明达和班班,40,815,1008083d82e987fdab5baabf0d0d7f44ea0968,10000,120000
井川里予,40,816,100808962d1e482e947f1e20fd0981358db42f,6667,30000
圻夏夏,40,817,100808378415322078e1d223cace0dd5ad2ace,990,20000
许栋铭,40,818,100808b17290cfe1cb1924f29f2083fa4e75e2,6765,140000
浩静深空,40,819,100808adc4b22ae7d9890b74fc33887339f7cc,5804,20000
情感,41,820,1008082b1c1688e5556a76d10fb0731f61c21a,2170000,980000
暗恋,41,821,100808a1671f2413df936345fcc41188b8b761,60000,40000
LESBIAN,41,822,100808f9041d3775e0c8458db14459e8defe40,100000,180000
Les表白墙,41,823,1008080d8d2f9279df3919b8ede32ea76c9681,10000,40000
情侣头像,41,824,100808085491cd491dfae7f1fe96e686a52c7c,190000,330000
陶白白,41,825,100808e8d6627f6c76b0003a78fff3847deae2,10000,170000
军恋,41,826,10080884ffb0af5d52b1740e557214147b37f4,80000,70000
早安,41,827,10080891f4af4c94d8f5ff5094d0c8f5ec645d,490000,290000
亦匹野马,41,828,100808241e9329a31e7d65dada354ba38bd765,10000,10000
晚安,41,829,1008085b9bd653dad689c166baee203ca8e979,330000,300000
ppl泡泡龙,41,830,100808030161344b73ae4bbf764a78b691a608,10000,20000
我有一个当兵的男朋友,41,831,1008081cad7fd367d9066e1acc85ebc81e8c99,20000,10000
心灵鸡汤,41,832,1008083325ffbd1a2544533c275e19b0e11bce,350000,390000
文案,41,833,100808f4b06bd9e4f5ceaac7fbb0e17fffc518,100000,80000
治愈系棒棒哒,41,834,1008084d80d61c898355ed578107369b186453,230000,350000
早安心语,41,835,100808248f264af71c52f282eb0406f97e7201,180000,220000
情话,41,836,1008083c069c1d2f9e679ef77606d632cfcecc,480000,480000
总博主,41,837,100808b27f0ffedc627c1cacccefbda6bb857a,110000,2920000
关于军人的异地恋,41,838,1008089c2a08446b7363323e9e68b4dd7491a4,80000,80000
西郎牵线,41,839,100808bdfcbec8e86c3164c720c43bde028950,20000,20000
日常,42,840,100808943e6d3324693188a3f1955a7f921a69,1340000,990000
韩圈扩关,42,841,1008081d923acb531a8f5e2e3dc26020b45394,150000,60000
互赞,42,842,1008084669b1b4e00a334b2026f1ed649f57ca,200000,40000
金属徽章,42,843,100808f9c23c52ec49c6b88420935781e0f9b9,40000,30000
助力,42,844,100808151c35afd281a74038b5ed75ad2886fe,60000,180000
手帐素材,42,845,100808f23c67573cad176138a7d53ca64dd522,20000,250000
手帐,42,846,1008080d4e8f9f831ef9f0a55fd0c0e238aa7a,260000,750000
头像,42,847,1008084c50eef3bdaf0b4164ce179e576f2b2d,330000,600000
微信扩列,42,848,100808f953428373f44c9924bd9cd246fa70a3,40000,200000
憨八龟,42,849,10080817b7cafeb99353985d185857df263b1a,180000,170000
百香果手帐,42,850,10080861fa7548c2bafedb28e03d1a1454acc1,10000,270000
女生头像,42,851,100808b20b4b18093bab1e2e4bcc461c5177f5,220000,630000
多肉,42,852,100808704f568bb154a0b80582c1480f2aafed,210000,230000
plog,42,853,100808da6746fdafa1db476085d6c99ad16620,90000,380000
plog,42,854,100808da6746fdafa1db476085d6c99ad16620,90000,380000
菜电市场,42,855,10080885ec1b2df2ba0b66f20d6b378d712ea1,5226,6214
大胃爱丽丝,42,856,100808625beb6e664c8acf00b671f3c48b1644,100000,300000
画包包,42,857,100808e54d67cac7bacb80870532a0a3831d89,10000,260000
精霖岛,42,858,100808aeba6d1536fd1c8c99023ef4e636ca67,2378,50000
洋韬,42,859,1008088411df94628069ddfd4e1dc722a33a55,7938,90000
时代少年团周边中转站,43,860,100808f0cc844ef5993bdb2f3874c96d4103fb,3570000,960000
TF三代周边中转站,43,861,100808bc12540bdda346099467b9807ed4a860,950000,220000
韩娱跳蚤市场,43,862,100808362b7167055e741b6dd779ebe73093da,500000,290000
nct西珍妮,43,863,1008086d57dc690feba2977afffadcdef574d5,850000,260000
墨家零售商,43,864,100808a22a6afbf8ab180e7355895e4753e1ef,750000,170000
博君一肖娃圈,43,865,1008085bee95a7002d35bc6406b8ecfa65d675,400000,340000
reveluv,43,866,100808a8a0c3c997c7946043fbcb277fff41d7,330000,490000
bts,43,867,100808c3ea886e7d47f5c49a7d092fadf0c03b,370000,440000
MY杂货铺,43,868,100808be574eb9159b66c9714949ec973bac75,170000,250000
U先试用,43,869,100808677c95ded957bdc80be1c8efbbe1203d,500000,280000
EXO周边出售及中转,43,870,100808ecbe6bdbaa265c06c8801cb0a1169064,360000,240000
张真源周边中转站,43,871,100808379b161276793a4df572399b02655feb,90000,120000
宋亚轩周边中转站,43,872,100808a1f16d6718211b6a34ab754c8e58d4de,150000,180000
ONCE杂货铺,43,873,100808f3fb5b88a0ab305b3dea708c5bd1d4c3,190000,200000
严浩翔周边中转站,43,874,100808760e8e5379687b3b497de84f225a84fb,150000,230000
马嘉祺周边中转站,43,875,100808d36afead6a7d61136314506a4146c19a,90000,120000
丸聚市场,43,876,10080876c6cb8249695a02e5c5de3a49ec8021,410000,100000
博君一肖周边中转,43,877,100808f134fb972fa89d414beebdf105642536,260000,160000
贺峻霖周边中转站,43,878,1008081ce17fdd27648fde87fe34329fd8c0b2,80000,80000
艾芙花园,43,879,1008085493859ebd4efd05f8c81b219a365f5c,90000,150000
燃烧的陀螺仪,44,880,100808261945bd333f8ae564327a56194d1710,200000,130000
沈阳桃仙机场,44,881,100808566e01ab1f6165f5ba9c7d72e8d95cb7,915,1549
航空文化,44,882,10080812283a198d6bda067613a4fee96849ea,1798,4354
飞天小妞marica,44,883,10080863ea8dbb35871a1cf7ac549bc5bbd6b2,10000,1825
厦门航空,44,884,1008085225b093e41ebb47e84510bbed9754cc,1302,1557
天边的贝洛斯,44,885,100808be5fb9d5f21f746ed5cd4878d610686d,1897,698
航天爱好者网,44,886,100808ab5d8f9d5df92e068a5b1edd64429330,4227,10000
追飞机的大表姐,44,887,100808dd408a63d5557d29c43ceacc9c569093,3406,739
国内航班,44,888,100808f360a25356c0c8860be2f94a1cbc6e58,503,1268
留学生回国航班,44,889,1008089e892aa1539a09d895dcc098bfdc8404,3658,7732
中国南方航空,44,890,100808dba50c1f3d12c2a3903781af953982ac,1574,4793
飞行视角,44,891,100808b81a71bc11efb1cc1ae79f2eeffb691d,1541,4991
航空,44,892,1008087700b2a3332cb79791821b29434132ce,7311,10000
飞机模型爱好者聚集地,44,893,100808eeaf255edda3f79659b24419415ec2f0,6405,5039
粽有话说,44,894,100808bf35e82b994a1c8e45116168249f16de,4933,519
宇航员,44,895,10080848370a6d599a692e5bdef57e95152669,563,1669
中国国际航空,44,896,100808902298658c2c175efda7a6c4a4163486,2460,5819
和小文一起看世界,44,897,100808502ba76dac0049dc8d29e59fa5b20165,479,170
无人机,44,898,100808fce4b7d0701b1d387644e4c831b1a193,2453,6847
中国飞行员,44,899,100808b83e8fac84e295e4c589b522fd16ce18,2458,5195
南京租房小分队,45,900,100808eb999047f9ecc781b26fe628da1a259a,10000,10000
太原租房,45,901,100808257ea5a14c8f469834ca64a6e0a33f70,30000,10000
南京租房酱,45,902,100808a854e74c69c90d693e8de001882a591d,10000,90000
杭州租房无中介,45,903,10080844a103f88df5fb6fd5e1598206fcb3f7,10000,10000
李白租房,45,904,100808a7d14459c4fa6ddd7fcb61aa867d5e05,30000,10000
成都楼市,45,905,100808a90b616c82520c0c85f7a1ef6f033407,1223,1478
望京租房,45,906,100808967e4e88d729c549bb845010df84f049,6405,3080
闲鱼租房,45,907,100808f4273345b56bd9baa1d53d8005edeb3f,10000,10000
豆瓣租房,45,908,1008080ba7fda692d087a7a434c257cb00b0b2,8596,7438
魔都租房,45,909,100808898601b5d0b79a429ddf4b3df148f260,2931,80000
房地产,45,910,100808d7d3b3a5c6cb5ce94b13e268dd387516,9716,20000
兰州租房,45,911,100808f113bcedb1d0a650f375f02543666201,3138,4967
杜甫找房,45,912,100808aa31242cf9f4cdab5da6efa0e6658239,10000,3698
造屋梦想,45,913,1008085e226959757f2903f2cbfbdab6d41d63,6795,20000
地产中介乐队,45,914,100808503b10e3e544de5e836a02ddf19f049a,1435,2022
光谷租房,45,915,100808aad151f7186aa6cb1bba6f9168578198,1281,2596
谢菲尔德租房,45,916,10080872591f163edf3f938de5193c0b6c7dc7,455,1068
杭州品质租房,45,917,1008088003848ed86004e6cc00925f42e026c6,1261,7312
拼室友,45,918,100808c63cb4e0ab2f57f4b0d5dbbbf4721019,20000,1937
租房100,45,919,100808947b129feab2ad00f63f9632e30047ee,4318,3294
每日一善,46,920,100808d3a2ca3dab11e10258174fda92f34806,28950000,8070000
肖战公益一路有你,46,921,100808ad99355ec424cc988ad9ddbafe30eb81,160000,650000
博肖公益,46,922,100808d0d80b88fb25945fc0fe2402213364b2,90000,350000
熊猫守护者,46,923,100808ba29171d9b416183e7fad68710fe82e4,540000,1030000
日行一善,46,924,100808d6c28f442d2e533060293f0dc9acaafa,3420000,4550000
王一博公益,46,925,1008080eeabb2966164a5eda6a5f6fe9abe39a,240000,270000
森林驿站,46,926,100808154e20dc9aeecd4f65dc01cf1f2e0bad,230000,3770000
易烊千玺爱心基金,46,927,10080898dfd36739559ab3ddb183cb44f644a8,350000,410000
每日宜善,46,928,10080881dfed8979679212272dbbb0d900c9e1,50000,10000
蔡徐坤公益,46,929,100808178aa38c884ac453c37cdb4c0b42845b,60000,1060000
焕蓝梦想基金,46,930,100808e97676bacc36d2fb2389777456db0450,390000,460000
源基金,46,931,1008089929a68e94a7a1e0368b242f42b2261c,180000,600000
联合国环境署亲善大使王俊凯,46,932,10080893ad0b125480107aac51daf4935fd32a,70000,280000
跟着王俊凯益起来,46,933,10080822829cb0a6498c2fb7a87553158b2c0f,40000,180000
迪丽热巴益起来,46,934,1008085471ecfce8d3081b582b1aadc5ca4946,20000,350000
杨紫公益紫,46,935,1008083b9d374747a88c0431641b7a945ce0be,340000,50000
小象莫莉,46,936,1008088c58897eca39e34929df62c102fecad3,2052,3411
龚俊公益,46,937,100808abd7a50d5673a1e2be671869d7ee51fc,10000,6859
能量偶像林彦俊,46,938,100808e019ae98dd8a2d9fe0aba0e5cb66a4eb,70000,30000
摩登兄弟公益行,46,939,100808b0195b0683526b1fe0f3fa0d5ca38a5e,70000,90000
